driver_number,lap_number,lap_duration,is_pit_out_lap,prev_lap_duration
1,3,159.585,0,98.169
1,4,96.421,0,159.585
1,5,160.818,0,96.421
1,6,95.781,0,160.818
1,7,164.95,0,95.781
1,8,105.543,0,164.95
1,9,929.091,1,105.543
1,10,147.255,0,929.091
1,11,151.084,0,147.255
1,12,93.476,0,151.084
1,13,116.788,0,93.476
1,14,495.238,1,116.788
1,15,99.955,0,495.238
1,16,99.44,0,99.955
1,17,99.239,0,99.44
1,18,108.517,0,99.239
1,19,99.028,0,108.517
1,20,99.256,0,99.028
1,21,132.724,0,99.256
1,22,155.445,0,132.724
